id,username,email,created_at
1,urbanyard41,urbanyard41@acme.dev,2024-09-16 06:44:21
2,briskdelta80,briskdelta80@opswise.net,2026-01-30 20:33:52
3,forestvalley06,forestvalley06@opswise.net,2025-03-25 11:47:54
4,mellowmeadow59,mellowmeadow59@example.com,2024-06-15 03:42:44
5,jadeanchor48,jadeanchor48@example.com,2025-01-14 16:42:51
6,younganchor92,younganchor92@relay.cloud,2024-09-16 06:14:33
7,briskbeacon88,briskbeacon88@seeded.app,2025-06-25 19:29:03
8,jadetrail87,jadetrail87@seeded.app,2024-12-23 15:17:04
9,navyuplink81,navyuplink81@hackstack.io,2024-08-18 12:58:37
10,jadelagoon03,jadelagoon03@example.com,2025-07-15 11:39:52
11,urbankernel82,urbankernel82@seeded.app,2024-11-29 01:02:25
12,ambercanyon66,ambercanyon66@example.com,2024-08-10 05:50:33
13,calmsignal57,calmsignal57@hackstack.io,2024-09-20 02:01:06
14,harboruplink92,harboruplink92@acme.dev,2025-01-04 18:03:08
15,emberuplink35,emberuplink35@example.com,2024-08-10 23:29:40
16,ivorynetwork00,ivorynetwork00@example.com,2025-11-02 03:23:56
17,ambermeadow00,ambermeadow00@seeded.app,2025-10-11 05:51:54
18,vividyard03,vividyard03@example.com,2024-03-13 15:53:23
19,opalgarden45,opalgarden45@acme.dev,2025-05-04 01:04:49
20,warmengine43,warmengine43@acme.dev,2024-12-20 01:26:35
21,foresttrail09,foresttrail09@hackstack.io,2024-06-04 10:18:14
22,briskquartz15,briskquartz15@relay.cloud,2025-10-21 07:10:20
23,navybeacon65,navybeacon65@example.com,2024-06-20 18:43:22
24,mellowpioneer41,mellowpioneer41@acme.dev,2025-08-18 13:22:58
25,emberriver07,emberriver07@seeded.app,2025-06-25 18:43:58
26,ivoryfield31,ivoryfield31@seeded.app,2024-08-19 17:24:36
27,ivorykernel25,ivorykernel25@example.com,2024-10-18 14:18:28
28,ambernetwork45,ambernetwork45@relay.cloud,2024-11-21 03:28:39
29,emberkernel21,emberkernel21@seeded.app,2025-11-06 13:51:04
30,proudisland42,proudisland42@seeded.app,2025-01-02 00:04:24
31,mellowquartz79,mellowquartz79@seeded.app,2025-09-11 15:47:43
32,silverorbit27,silverorbit27@seeded.app,2024-03-06 04:09:21
33,ambersignal05,ambersignal05@example.com,2025-04-06 11:31:19
34,calmbeacon61,calmbeacon61@hackstack.io,2024-05-29 12:02:44
35,brisksignal17,brisksignal17@acme.dev,2025-06-03 21:35:57
36,jadeisland59,jadeisland59@relay.cloud,2025-02-11 14:59:16
37,cobaltbeacon39,cobaltbeacon39@acme.dev,2024-12-12 19:20:59
38,forestkernel08,forestkernel08@acme.dev,2024-05-28 20:08:55
39,rapidmeadow14,rapidmeadow14@seeded.app,2025-12-17 09:04:08
40,keenuplink41,keenuplink41@seeded.app,2024-11-11 10:24:17
41,forestlagoon70,forestlagoon70@acme.dev,2024-02-03 07:34:39
42,tidycanyon92,tidycanyon92@relay.cloud,2025-02-25 03:43:53
43,goldmeadow88,goldmeadow88@relay.cloud,2026-01-04 22:04:31
44,emberuplink48,emberuplink48@opswise.net,2024-11-06 16:37:07
45,dawnharvest94,dawnharvest94@seeded.app,2024-12-03 06:36:34
46,dawnorbit64,dawnorbit64@hackstack.io,2024-10-01 22:14:39
47,briskriver83,briskriver83@relay.cloud,2025-11-08 19:32:35
48,opalengine93,opalengine93@example.com,2024-09-27 14:20:13
49,silverbeacon08,silverbeacon08@relay.cloud,2025-04-04 12:25:42
50,embervalley24,embervalley24@acme.dev,2024-09-17 17:37:26
51,embervalley77,embervalley77@acme.dev,2024-03-17 06:17:14
52,dawndelta70,dawndelta70@opswise.net,2025-11-20 21:08:05
53,amberuplink29,amberuplink29@hackstack.io,2025-03-02 16:12:29
54,dawnfield37,dawnfield37@example.com,2024-09-14 03:49:57
55,cobaltcanyon26,cobaltcanyon26@example.com,2024-05-06 05:58:36
56,cobaltharvest62,cobaltharvest62@seeded.app,2025-03-04 17:37:11
57,keenwindow09,keenwindow09@relay.cloud,2025-06-09 10:56:21
58,goldtrail32,goldtrail32@relay.cloud,2024-09-25 21:35:21
59,rapidharvest58,rapidharvest58@opswise.net,2024-02-18 15:12:59
60,proudwindow12,proudwindow12@acme.dev,2025-12-23 12:54:24
61,emberbeacon23,emberbeacon23@relay.cloud,2024-10-11 21:37:19
62,ivorymeadow79,ivorymeadow79@opswise.net,2024-05-08 04:12:27
63,forestdelta66,forestdelta66@opswise.net,2024-08-03 00:18:23
64,proudkernel42,proudkernel42@example.com,2024-02-18 22:53:25
65,quietzenith21,quietzenith21@acme.dev,2024-03-27 15:43:50
66,ambermeadow67,ambermeadow67@relay.cloud,2025-05-30 18:44:06
67,jadeisland30,jadeisland30@example.com,2024-01-10 04:48:32
68,youngfield78,youngfield78@seeded.app,2025-06-05 16:55:45
69,amberfield20,amberfield20@hackstack.io,2025-10-29 18:33:38
70,calmriver36,calmriver36@hackstack.io,2025-12-30 00:59:46
71,vividisland72,vividisland72@hackstack.io,2024-07-03 23:23:31
72,keenvalley58,keenvalley58@example.com,2025-07-23 14:53:01
73,dawnkernel66,dawnkernel66@opswise.net,2024-03-31 07:11:41
74,navysignal90,navysignal90@opswise.net,2024-02-12 14:50:06
75,warmwindow01,warmwindow01@example.com,2025-09-29 05:48:22
76,quietlagoon32,quietlagoon32@opswise.net,2025-01-22 13:51:45
77,ivorysignal73,ivorysignal73@acme.dev,2025-03-13 03:36:56
78,harboranchor64,harboranchor64@seeded.app,2024-11-21 13:36:45
79,briskyard71,briskyard71@acme.dev,2024-09-12 16:57:40
80,proudpioneer04,proudpioneer04@opswise.net,2025-02-11 15:08:46
81,silverdelta41,silverdelta41@example.com,2025-06-24 03:19:28
82,quietorbit78,quietorbit78@seeded.app,2025-10-11 15:32:49
83,dawndelta84,dawndelta84@example.com,2026-01-12 15:57:54
84,calmharvest50,calmharvest50@relay.cloud,2025-02-07 18:01:24
85,goldgarden35,goldgarden35@opswise.net,2026-01-20 23:44:45
86,calmquartz82,calmquartz82@acme.dev,2024-02-20 04:53:16
87,forestuplink27,forestuplink27@relay.cloud,2024-09-02 12:53:37
88,harbortrail95,harbortrail95@acme.dev,2025-10-03 23:52:06
89,ivorykernel27,ivorykernel27@example.com,2024-12-05 04:46:14
90,clearjourney93,clearjourney93@acme.dev,2025-01-29 22:54:11
91,warmriver16,warmriver16@example.com,2024-02-16 04:37:11
92,proudsignal37,proudsignal37@acme.dev,2024-04-05 08:56:25
93,calmmeadow96,calmmeadow96@hackstack.io,2024-12-01 02:04:17
94,jadequartz17,jadequartz17@seeded.app,2025-03-10 18:44:32
95,clearwindow20,clearwindow20@example.com,2025-09-09 02:47:51
96,cobaltengine41,cobaltengine41@example.com,2025-02-10 04:10:43
97,navysignal75,navysignal75@relay.cloud,2024-07-29 16:22:24
98,quietgarden87,quietgarden87@hackstack.io,2025-08-24 13:57:06
99,quietjourney55,quietjourney55@example.com,2024-06-09 08:40:46
100,forestpioneer13,forestpioneer13@hackstack.io,2025-08-04 07:46:25
101,forestfield98,forestfield98@example.com,2024-12-20 13:16:09
102,rapidgarden66,rapidgarden66@relay.cloud,2024-12-07 22:35:46
103,vividisland43,vividisland43@acme.dev,2025-08-04 06:32:57
104,livelynetwork25,livelynetwork25@seeded.app,2025-10-13 17:29:41
105,tidymeadow21,tidymeadow21@opswise.net,2024-09-17 04:15:49
106,goldwindow46,goldwindow46@acme.dev,2024-12-24 02:27:26
107,livelyharvest18,livelyharvest18@example.com,2025-12-14 09:58:56
108,goldharvest46,goldharvest46@opswise.net,2025-06-08 23:06:03
109,emberorbit02,emberorbit02@hackstack.io,2025-08-26 04:42:58
110,urbanwindow53,urbanwindow53@acme.dev,2025-08-18 19:59:42
111,emberlagoon28,emberlagoon28@example.com,2024-01-23 02:40:40
112,mellowzenith31,mellowzenith31@acme.dev,2024-09-27 12:33:02
113,emberriver86,emberriver86@relay.cloud,2024-06-18 14:24:38
114,calmengine80,calmengine80@opswise.net,2025-07-13 16:59:22
115,ambermeadow63,ambermeadow63@hackstack.io,2024-11-11 13:58:55
116,tidyyard14,tidyyard14@example.com,2025-02-07 10:16:53
117,livelyengine59,livelyengine59@relay.cloud,2025-03-16 08:11:21
118,jadequartz86,jadequartz86@example.com,2025-01-18 20:03:54
119,briskmeadow35,briskmeadow35@hackstack.io,2024-10-21 01:10:38
120,navylagoon75,navylagoon75@opswise.net,2025-03-01 04:19:02
121,jaderiver75,jaderiver75@example.com,2024-03-17 22:51:16
122,ivorylagoon09,ivorylagoon09@acme.dev,2025-05-18 01:17:33
123,vividriver65,vividriver65@example.com,2024-06-24 17:47:27
124,navymeadow84,navymeadow84@opswise.net,2024-02-12 17:03:28
125,jadezenith07,jadezenith07@acme.dev,2025-06-19 13:35:19
126,dawnorbit34,dawnorbit34@seeded.app,2024-02-06 00:17:22
127,opalpioneer97,opalpioneer97@example.com,2025-04-28 06:43:53
128,warmengine06,warmengine06@relay.cloud,2024-02-12 11:54:46
129,goldtrail94,goldtrail94@opswise.net,2025-06-14 09:29:21
130,warmjourney02,warmjourney02@seeded.app,2025-02-26 10:56:48
131,livelyjourney73,livelyjourney73@acme.dev,2024-04-01 02:04:32
132,amberfield70,amberfield70@acme.dev,2024-09-07 19:24:10
133,jadedelta86,jadedelta86@example.com,2024-07-12 10:47:46
134,dawnmeadow60,dawnmeadow60@relay.cloud,2024-06-08 07:04:54
135,livelygarden85,livelygarden85@relay.cloud,2025-02-19 13:40:04
136,silverengine92,silverengine92@hackstack.io,2025-11-04 21:10:50
137,tidyzenith42,tidyzenith42@seeded.app,2024-09-26 03:31:28
138,tidyharvest21,tidyharvest21@hackstack.io,2024-09-29 19:46:55
139,cobaltkernel12,cobaltkernel12@opswise.net,2024-04-21 01:14:59
140,calmdelta17,calmdelta17@seeded.app,2025-06-23 11:29:37
141,harborriver54,harborriver54@opswise.net,2025-08-16 17:09:41
142,forestdelta25,forestdelta25@seeded.app,2025-06-21 12:53:56
143,tidyfield73,tidyfield73@hackstack.io,2024-08-04 17:55:05
144,rapidzenith26,rapidzenith26@seeded.app,2026-02-01 06:18:33
145,embertrail48,embertrail48@hackstack.io,2024-06-23 19:38:09
146,opalvalley47,opalvalley47@example.com,2024-04-27 22:37:01
147,youngharvest85,youngharvest85@hackstack.io,2024-03-04 22:17:04
148,opalfield25,opalfield25@hackstack.io,2024-05-15 03:49:45
149,proudanchor90,proudanchor90@opswise.net,2024-07-05 12:24:35
150,navyisland82,navyisland82@relay.cloud,2025-07-13 02:53:29
151,livelyisland51,livelyisland51@opswise.net,2024-01-07 16:58:30
152,forestriver05,forestriver05@seeded.app,2025-08-31 23:18:41
153,youngnetwork63,youngnetwork63@relay.cloud,2024-05-19 09:53:18
154,warmgarden11,warmgarden11@example.com,2025-12-16 20:37:21
155,urbanquartz90,urbanquartz90@hackstack.io,2025-10-09 01:00:40
156,calmcanyon66,calmcanyon66@hackstack.io,2024-09-22 07:35:12
157,calmanchor50,calmanchor50@seeded.app,2025-08-29 17:41:34
158,forestengine85,forestengine85@acme.dev,2025-01-29 04:48:17
159,dawntrail52,dawntrail52@hackstack.io,2025-12-19 04:07:50
160,mellowzenith49,mellowzenith49@seeded.app,2026-01-18 12:59:57
161,keenjourney29,keenjourney29@seeded.app,2025-04-22 20:20:00
162,mellowanchor45,mellowanchor45@relay.cloud,2024-12-26 18:53:53
163,amberanchor39,amberanchor39@opswise.net,2024-10-16 13:31:12
164,proudquartz43,proudquartz43@relay.cloud,2024-05-04 00:43:57
165,clearzenith97,clearzenith97@opswise.net,2025-08-29 10:28:20
166,navyriver71,navyriver71@seeded.app,2024-07-13 07:32:38
167,urbannetwork80,urbannetwork80@acme.dev,2025-04-27 09:59:07
168,silverdelta93,silverdelta93@seeded.app,2024-11-23 23:34:10
169,quietvalley17,quietvalley17@hackstack.io,2025-10-16 12:19:17
170,cobaltuplink82,cobaltuplink82@example.com,2026-01-23 04:24:54
171,cobaltnetwork67,cobaltnetwork67@acme.dev,2025-04-04 05:19:40
172,harborbeacon38,harborbeacon38@hackstack.io,2025-06-09 06:39:18
173,brisksignal32,brisksignal32@hackstack.io,2024-04-18 06:51:41
174,mellowvalley28,mellowvalley28@hackstack.io,2026-01-31 22:36:27
175,livelyisland12,livelyisland12@seeded.app,2024-08-06 05:53:49
176,emberengine22,emberengine22@opswise.net,2025-07-02 21:58:58
177,livelyengine85,livelyengine85@hackstack.io,2024-09-30 00:07:19
178,keenjourney39,keenjourney39@opswise.net,2024-01-22 06:51:25
179,melloworbit43,melloworbit43@relay.cloud,2024-01-04 21:04:48
180,mellowsignal20,mellowsignal20@seeded.app,2025-02-07 18:18:49
181,briskorbit50,briskorbit50@opswise.net,2024-05-27 03:54:52
182,ivorywindow24,ivorywindow24@acme.dev,2024-07-28 06:43:08
183,tidycanyon09,tidycanyon09@relay.cloud,2025-10-06 13:35:47
184,rapidengine41,rapidengine41@example.com,2024-05-05 09:22:57
185,urbanriver23,urbanriver23@relay.cloud,2025-04-21 18:35:03
186,urbantrail33,urbantrail33@hackstack.io,2024-04-30 04:21:51
187,youngdelta09,youngdelta09@hackstack.io,2025-06-15 05:14:09
188,navysignal04,navysignal04@seeded.app,2025-11-29 19:08:50
189,warmvalley12,warmvalley12@relay.cloud,2025-10-12 02:55:59
190,harborisland71,harborisland71@seeded.app,2024-09-23 04:04:19
191,amberquartz02,amberquartz02@hackstack.io,2024-03-01 08:10:38
192,calmmeadow08,calmmeadow08@hackstack.io,2024-06-09 21:56:50
193,proudtrail70,proudtrail70@hackstack.io,2024-10-15 03:45:31
194,opalvalley91,opalvalley91@example.com,2024-01-20 08:18:21
195,mellowlagoon87,mellowlagoon87@hackstack.io,2025-10-27 05:13:38
196,goldkernel50,goldkernel50@acme.dev,2024-10-30 22:51:20
197,livelyuplink64,livelyuplink64@acme.dev,2024-04-28 23:08:24
198,dawnvalley03,dawnvalley03@acme.dev,2024-11-07 00:00:21
199,jadequartz80,jadequartz80@opswise.net,2025-04-07 04:47:12
200,ambermeadow24,ambermeadow24@seeded.app,2025-06-01 00:18:34
201,amberisland53,amberisland53@seeded.app,2025-01-28 01:14:41
202,jadefield59,jadefield59@relay.cloud,2025-09-13 10:40:45
203,quietwindow77,quietwindow77@acme.dev,2024-04-28 23:35:14
204,goldmeadow90,goldmeadow90@example.com,2025-09-10 00:37:29
205,clearquartz68,clearquartz68@hackstack.io,2024-01-06 18:28:40
206,amberengine54,amberengine54@relay.cloud,2025-08-17 11:35:15
207,calmriver72,calmriver72@hackstack.io,2024-06-20 23:43:03
208,navyisland49,navyisland49@opswise.net,2025-05-14 06:11:26
209,quietlagoon11,quietlagoon11@relay.cloud,2024-11-10 03:25:40
210,ambermeadow74,ambermeadow74@acme.dev,2024-11-11 17:33:07
211,urbanpioneer34,urbanpioneer34@acme.dev,2024-10-15 10:48:55
212,keennetwork57,keennetwork57@hackstack.io,2024-01-01 18:54:57
213,opalengine99,opalengine99@seeded.app,2025-10-10 11:14:36
214,jadevalley21,jadevalley21@example.com,2025-11-02 12:43:07
215,calmkernel69,calmkernel69@example.com,2026-01-05 15:10:14
216,emberriver26,emberriver26@acme.dev,2024-02-27 07:31:27
217,vividharvest48,vividharvest48@relay.cloud,2024-07-17 22:40:24
218,navynetwork18,navynetwork18@relay.cloud,2025-12-10 09:29:01
219,navydelta23,navydelta23@opswise.net,2024-04-25 03:24:49
220,mellowgarden06,mellowgarden06@acme.dev,2024-11-14 21:29:40
221,mellowsignal71,mellowsignal71@seeded.app,2026-01-15 07:33:00
222,ambersignal59,ambersignal59@seeded.app,2025-07-28 06:58:55
223,urbancanyon64,urbancanyon64@opswise.net,2024-12-26 15:01:42
224,prouddelta18,prouddelta18@example.com,2024-05-27 15:06:25
225,clearkernel62,clearkernel62@acme.dev,2025-07-02 17:01:38
226,goldcanyon82,goldcanyon82@acme.dev,2025-02-09 18:27:25
227,warmengine11,warmengine11@acme.dev,2024-10-09 05:26:36
228,tidyorbit90,tidyorbit90@seeded.app,2024-06-02 23:17:57
229,dawnfield19,dawnfield19@seeded.app,2024-12-30 03:35:19
230,vividorbit07,vividorbit07@acme.dev,2024-04-21 06:53:59
231,youngnetwork68,youngnetwork68@seeded.app,2025-07-22 12:35:41
232,proudfield94,proudfield94@acme.dev,2024-06-02 19:55:52
233,keenbeacon25,keenbeacon25@example.com,2024-07-24 19:52:21
234,navytrail78,navytrail78@relay.cloud,2025-06-29 18:10:20
235,rapidlagoon51,rapidlagoon51@opswise.net,2026-01-19 08:58:26
236,youngwindow25,youngwindow25@example.com,2024-01-25 23:25:23
237,navynetwork07,navynetwork07@relay.cloud,2025-07-11 03:55:27
238,rapidisland84,rapidisland84@hackstack.io,2024-05-03 20:06:04
239,calmriver98,calmriver98@acme.dev,2025-05-02 22:31:24
240,ambermeadow94,ambermeadow94@seeded.app,2024-11-16 12:08:41
241,proudorbit00,proudorbit00@hackstack.io,2024-08-15 23:53:26
242,dawnuplink50,dawnuplink50@relay.cloud,2024-08-11 07:15:10
243,youngtrail07,youngtrail07@hackstack.io,2024-12-02 09:07:28
244,jadeorbit31,jadeorbit31@hackstack.io,2025-05-26 21:29:56
245,tidybeacon08,tidybeacon08@acme.dev,2024-09-02 16:15:58
246,tidytrail73,tidytrail73@relay.cloud,2024-08-21 23:16:06
247,calmkernel21,calmkernel21@seeded.app,2025-01-27 00:58:53
248,calmmeadow24,calmmeadow24@relay.cloud,2024-08-07 03:06:21
249,melloworbit69,melloworbit69@opswise.net,2024-05-27 12:16:17
250,navydelta51,navydelta51@opswise.net,2025-01-03 11:49:27
251,cobaltcanyon20,cobaltcanyon20@acme.dev,2025-10-18 18:09:26
252,warmzenith87,warmzenith87@opswise.net,2025-03-28 15:36:30
253,navysignal60,navysignal60@hackstack.io,2025-06-16 18:25:01
254,cobaltharvest01,cobaltharvest01@acme.dev,2024-02-13 03:36:27
255,opalnetwork85,opalnetwork85@seeded.app,2024-09-20 16:50:53
256,briskquartz87,briskquartz87@example.com,2024-08-26 05:27:08
257,quietcanyon01,quietcanyon01@opswise.net,2025-05-15 14:57:54
258,ambersignal88,ambersignal88@acme.dev,2025-04-25 23:10:34
259,brisksignal72,brisksignal72@relay.cloud,2025-07-16 05:15:20
260,youngisland71,youngisland71@relay.cloud,2026-01-29 02:12:18
261,clearyard68,clearyard68@acme.dev,2025-06-13 09:20:57
262,silverquartz73,silverquartz73@hackstack.io,2025-06-23 16:53:54
263,quietzenith29,quietzenith29@seeded.app,2024-11-07 13:08:32
264,ambervalley89,ambervalley89@seeded.app,2024-08-14 19:34:23
265,briskcanyon11,briskcanyon11@seeded.app,2024-09-29 08:11:32
266,opalgarden33,opalgarden33@acme.dev,2025-11-12 14:06:18
267,briskpioneer03,briskpioneer03@example.com,2024-05-06 12:00:20
268,jaderiver33,jaderiver33@acme.dev,2024-01-26 19:16:51
269,dawnkernel22,dawnkernel22@example.com,2025-07-02 20:55:17
270,cobaltfield97,cobaltfield97@relay.cloud,2024-01-03 08:44:43
271,silveranchor70,silveranchor70@acme.dev,2025-12-10 22:02:06
272,urbanwindow64,urbanwindow64@seeded.app,2025-09-23 16:52:31
273,rapidpioneer67,rapidpioneer67@example.com,2025-11-01 03:43:36
274,forestfield44,forestfield44@example.com,2024-06-07 13:39:40
275,quietvalley21,quietvalley21@seeded.app,2025-09-10 03:52:40
276,navycanyon06,navycanyon06@example.com,2025-07-29 12:07:09
277,urbanriver22,urbanriver22@opswise.net,2024-05-30 08:14:37
278,clearcanyon98,clearcanyon98@seeded.app,2024-11-17 19:39:06
279,goldpioneer64,goldpioneer64@seeded.app,2025-07-03 05:06:02
280,tidykernel17,tidykernel17@hackstack.io,2025-06-01 10:40:57
281,youngpioneer27,youngpioneer27@example.com,2024-11-21 16:34:24
282,cobaltyard67,cobaltyard67@hackstack.io,2025-09-12 20:40:52
283,forestjourney25,forestjourney25@hackstack.io,2024-06-08 04:51:37
284,opalquartz29,opalquartz29@example.com,2024-10-29 22:40:03
285,goldsignal61,goldsignal61@hackstack.io,2024-10-09 17:41:48
286,clearuplink36,clearuplink36@relay.cloud,2025-12-08 07:52:09
287,cleartrail73,cleartrail73@example.com,2024-01-03 01:27:47
288,harbororbit65,harbororbit65@hackstack.io,2024-07-13 12:55:58
289,navyfield46,navyfield46@relay.cloud,2024-07-05 22:17:36
290,opalmeadow06,opalmeadow06@hackstack.io,2025-06-09 23:49:49
291,rapidfield58,rapidfield58@opswise.net,2025-09-22 11:39:22
292,briskorbit98,briskorbit98@hackstack.io,2025-05-18 11:18:36
293,quietlagoon50,quietlagoon50@acme.dev,2025-10-01 09:49:51
294,rapidfield43,rapidfield43@hackstack.io,2024-06-27 22:30:42
295,youngquartz24,youngquartz24@seeded.app,2025-12-14 13:41:08
296,rapidlagoon26,rapidlagoon26@seeded.app,2024-03-22 15:09:38
297,brisksignal32,brisksignal32@relay.cloud,2025-01-31 13:30:31
298,clearjourney75,clearjourney75@relay.cloud,2024-11-29 12:34:19
299,dawnisland82,dawnisland82@hackstack.io,2024-02-29 21:02:11
300,proudengine29,proudengine29@acme.dev,2025-02-23 06:45:57
301,silverwindow02,silverwindow02@relay.cloud,2025-12-01 06:33:10
302,livelyanchor06,livelyanchor06@opswise.net,2025-04-11 10:05:42
303,quietharvest11,quietharvest11@seeded.app,2024-09-24 04:15:06
304,youngharvest07,youngharvest07@hackstack.io,2024-11-13 23:22:25
305,goldkernel05,goldkernel05@example.com,2025-08-30 03:08:47
306,jadenetwork63,jadenetwork63@hackstack.io,2024-07-19 03:20:12
307,youngnetwork37,youngnetwork37@hackstack.io,2025-04-21 10:03:25
308,quietfield31,quietfield31@opswise.net,2025-11-29 20:24:33
309,tidyriver42,tidyriver42@hackstack.io,2024-07-16 10:10:10
310,brisklagoon92,brisklagoon92@example.com,2024-09-12 09:08:01
311,silversignal97,silversignal97@seeded.app,2024-12-07 15:13:03
312,silveryard82,silveryard82@example.com,2025-11-24 02:08:59
313,silverdelta24,silverdelta24@seeded.app,2025-02-10 11:47:08
314,keenvalley09,keenvalley09@acme.dev,2025-10-18 13:51:12
315,forestorbit52,forestorbit52@seeded.app,2024-01-19 09:48:18
316,clearuplink99,clearuplink99@hackstack.io,2025-02-12 11:59:27
317,vividquartz57,vividquartz57@example.com,2025-07-18 04:43:00
318,calmgarden74,calmgarden74@acme.dev,2024-06-26 16:44:05
319,clearsignal54,clearsignal54@seeded.app,2024-01-02 06:50:34
320,mellowpioneer62,mellowpioneer62@hackstack.io,2024-09-26 14:16:15
321,clearuplink55,clearuplink55@example.com,2024-10-08 12:12:03
322,keenanchor05,keenanchor05@hackstack.io,2024-04-05 14:46:14
323,tidyharvest68,tidyharvest68@example.com,2024-08-07 20:35:13
324,livelywindow45,livelywindow45@hackstack.io,2024-01-01 08:31:58
325,harborfield71,harborfield71@example.com,2024-12-28 07:26:34
326,youngjourney32,youngjourney32@acme.dev,2024-09-09 19:31:55
327,navypioneer12,navypioneer12@acme.dev,2024-12-21 23:55:54
328,warmharvest02,warmharvest02@relay.cloud,2024-11-20 15:34:30
329,ivorykernel85,ivorykernel85@relay.cloud,2025-10-15 01:30:23
330,mellowmeadow15,mellowmeadow15@hackstack.io,2025-01-25 09:11:48
331,jadeorbit26,jadeorbit26@acme.dev,2024-01-26 06:57:13
332,rapidlagoon58,rapidlagoon58@opswise.net,2025-02-12 21:38:48
333,quietbeacon07,quietbeacon07@relay.cloud,2024-04-27 13:51:24
334,proudharvest37,proudharvest37@acme.dev,2024-01-05 00:24:52
335,opaljourney58,opaljourney58@hackstack.io,2025-08-24 21:05:29
336,amberpioneer26,amberpioneer26@opswise.net,2025-04-12 13:40:17
337,navycanyon18,navycanyon18@seeded.app,2024-11-27 05:24:22
338,amberanchor46,amberanchor46@hackstack.io,2024-05-09 11:40:02
339,silvergarden14,silvergarden14@relay.cloud,2024-02-07 17:04:37
340,briskyard36,briskyard36@relay.cloud,2025-10-24 23:17:08
341,navybeacon04,navybeacon04@example.com,2024-06-24 20:43:17
342,calmquartz48,calmquartz48@acme.dev,2025-01-12 05:03:03
343,keenjourney86,keenjourney86@opswise.net,2024-11-22 10:53:05
344,briskgarden33,briskgarden33@relay.cloud,2024-06-19 08:11:56
345,silverharvest36,silverharvest36@hackstack.io,2024-11-22 19:57:13
346,dawncanyon81,dawncanyon81@acme.dev,2024-10-21 08:05:05
347,warmengine28,warmengine28@acme.dev,2024-01-18 18:34:47
348,mellowtrail81,mellowtrail81@example.com,2025-03-19 00:17:13
349,livelymeadow41,livelymeadow41@acme.dev,2024-01-31 00:17:37
350,quietanchor49,quietanchor49@relay.cloud,2024-05-02 14:06:22
351,navyuplink83,navyuplink83@hackstack.io,2024-01-10 23:35:29
352,ivorykernel72,ivorykernel72@hackstack.io,2026-01-11 02:44:56
353,navyuplink91,navyuplink91@acme.dev,2025-09-30 06:59:34
354,mellowsignal70,mellowsignal70@seeded.app,2024-11-20 17:51:44
355,dawnorbit93,dawnorbit93@hackstack.io,2024-12-16 02:13:19
356,dawnnetwork31,dawnnetwork31@relay.cloud,2024-01-18 19:34:34
357,briskorbit05,briskorbit05@example.com,2025-09-03 16:05:21
358,rapidorbit87,rapidorbit87@seeded.app,2026-01-09 21:55:26
359,quiettrail89,quiettrail89@seeded.app,2024-03-04 01:56:12
360,clearjourney02,clearjourney02@acme.dev,2025-09-21 06:22:15
361,quietgarden75,quietgarden75@acme.dev,2025-04-20 22:42:32
362,proudnetwork92,proudnetwork92@hackstack.io,2025-09-01 16:37:04
363,emberanchor89,emberanchor89@hackstack.io,2025-01-24 23:44:16
364,clearanchor04,clearanchor04@relay.cloud,2024-05-06 11:52:41
365,brisksignal96,brisksignal96@relay.cloud,2025-04-20 08:31:03
366,navyharvest88,navyharvest88@acme.dev,2025-06-22 23:06:08
367,cobaltvalley52,cobaltvalley52@example.com,2025-06-14 20:46:22
368,quietzenith85,quietzenith85@hackstack.io,2024-07-17 06:24:10
369,goldgarden13,goldgarden13@example.com,2026-01-01 17:32:40
370,keendelta53,keendelta53@seeded.app,2024-08-05 20:36:58
371,ivorymeadow05,ivorymeadow05@relay.cloud,2025-02-28 10:38:23
372,cobaltmeadow87,cobaltmeadow87@opswise.net,2024-02-17 21:19:12
373,briskengine33,briskengine33@hackstack.io,2024-08-31 11:10:36
374,silveryard58,silveryard58@hackstack.io,2024-11-29 06:41:06
375,tidyuplink39,tidyuplink39@hackstack.io,2024-07-31 06:17:35
376,harborzenith67,harborzenith67@hackstack.io,2024-02-12 22:41:29
377,cobaltvalley01,cobaltvalley01@acme.dev,2025-06-16 10:17:15
378,dawnbeacon07,dawnbeacon07@example.com,2024-03-29 20:36:18
379,dawnbeacon69,dawnbeacon69@seeded.app,2024-02-07 00:36:41
380,silveruplink61,silveruplink61@opswise.net,2025-08-29 10:09:46
381,keenbeacon63,keenbeacon63@seeded.app,2026-01-26 23:05:21
382,tidycanyon28,tidycanyon28@relay.cloud,2025-01-04 19:55:55
383,mellownetwork28,mellownetwork28@seeded.app,2025-05-11 14:36:51
384,warmriver53,warmriver53@opswise.net,2024-08-17 22:35:49
385,rapidjourney40,rapidjourney40@opswise.net,2026-01-26 06:17:57
386,tidygarden57,tidygarden57@acme.dev,2026-01-24 01:46:19
387,youngmeadow32,youngmeadow32@relay.cloud,2025-06-01 01:27:50
388,emberlagoon86,emberlagoon86@relay.cloud,2024-09-12 03:40:58
389,jadetrail11,jadetrail11@relay.cloud,2025-09-09 09:57:29
390,vividtrail83,vividtrail83@relay.cloud,2024-01-12 10:17:43
391,forestbeacon71,forestbeacon71@example.com,2025-01-26 05:21:19
392,calmjourney82,calmjourney82@hackstack.io,2024-08-12 09:46:59
393,tidyengine46,tidyengine46@relay.cloud,2024-09-04 04:55:16
394,rapidriver05,rapidriver05@acme.dev,2025-12-20 21:44:11
395,opalisland75,opalisland75@hackstack.io,2024-07-09 13:56:13
396,navytrail94,navytrail94@opswise.net,2024-03-12 11:21:53
397,urbanvalley78,urbanvalley78@hackstack.io,2024-08-18 11:55:09
398,amberengine91,amberengine91@opswise.net,2025-03-15 02:24:16
399,tidyanchor02,tidyanchor02@seeded.app,2024-12-07 15:21:37
400,rapidriver35,rapidriver35@seeded.app,2025-04-13 20:07:44
